{"_type":"export","__export_format":4,"__export_date":"2025-04-05T13:44:43.743Z","__export_source":"insomnia.desktop.app:v2023.5.8","resources":[{"_id":"req_e7c96c8349d54c59a6b58f36c005cfbd","parentId":"fld_7e71cfd13ee44168903e261f9af2dc43","modified":1743859890795,"created":1723903347242,"url":"http://localhost:4444","name":"Server velkomst","description":"","method":"GET","body":{},"parameters":[],"headers":[],"authentication":{},"metaSortKey":-1694714578332,"isPrivate":false,"settingStoreCookies":true,"settingSendCookies":true,"settingDisableRenderRequestBody":false,"settingEncodeUrl":true,"settingRebuildPath":true,"settingFollowRedirects":"global","_type":"request"},{"_id":"fld_7e71cfd13ee44168903e261f9af2dc43","parentId":"wrk_8a7722e5c92b45ef88549e5035c7010a","modified":1723903347104,"created":1723903347104,"name":"Spaceventure","description":"","environment":{},"environmentPropertyOrder":null,"metaSortKey":-1694714578007,"_type":"request_group"},{"_id":"wrk_8a7722e5c92b45ef88549e5035c7010a","parentId":null,"modified":1723903347087,"created":1723903347087,"name":"SPACE VENTURE","description":"","scope":"collection","_type":"workspace"},{"_id":"req_ba1812867c054d7c80d861afad2bd984","parentId":"fld_93077b5980024d3ca9145e76dc83912f","modified":1743859897092,"created":1723903347230,"url":"http://localhost:4444/user/admin","name":"Hent alle user (ADMIN)","description":"","method":"GET","body":{},"parameters":[],"headers":[],"authentication":{},"metaSortKey":-1692603229062,"isPrivate":false,"settingStoreCookies":true,"settingSendCookies":true,"settingDisableRenderRequestBody":false,"settingEncodeUrl":true,"settingRebuildPath":true,"settingFollowRedirects":"global","_type":"request"},{"_id":"fld_93077b5980024d3ca9145e76dc83912f","parentId":"fld_7e71cfd13ee44168903e261f9af2dc43","modified":1723903347228,"created":1723903347228,"name":"User","description":"","environment":{},"environmentPropertyOrder":null,"metaSortKey":-1694714578232,"_type":"request_group"},{"_id":"req_0c3f2d8aa2b44cd6a1abd5c1d64849ff","parentId":"fld_93077b5980024d3ca9145e76dc83912f","modified":1743859898674,"created":1723903347232,"url":"http://localhost:4444/user/admin/6505fe05104b0868e42a9b83","name":"Hent user - ud fra ID (ADMIN)","description":"","method":"GET","body":{},"parameters":[],"headers":[],"authentication":{},"metaSortKey":-1692603229012,"isPrivate":false,"settingStoreCookies":true,"settingSendCookies":true,"settingDisableRenderRequestBody":false,"settingEncodeUrl":true,"settingRebuildPath":true,"settingFollowRedirects":"global","_type":"request"},{"_id":"req_49ab225a21c3432daf025ec7c8baefe8","parentId":"fld_93077b5980024d3ca9145e76dc83912f","modified":1743859884663,"created":1723903347239,"url":"http://localhost:4444/user/admin/6367ddb8faa551dd4d6cfd97","name":"Slet user (ADMIN)","description":"","method":"DELETE","body":{},"parameters":[],"headers":[],"authentication":{},"metaSortKey":-1692603228962,"isPrivate":false,"settingStoreCookies":true,"settingSendCookies":true,"settingDisableRenderRequestBody":false,"settingEncodeUrl":true,"settingRebuildPath":true,"settingFollowRedirects":"global","_type":"request"},{"_id":"req_5e600bd1a91a4714adc0277903fe3cc1","parentId":"fld_93077b5980024d3ca9145e76dc83912f","modified":1743859879535,"created":1723903347237,"url":"http://localhost:4444/user/admin/6505fe05104b0868e42a9b83","name":"Ret user (ADMIN)","description":"","method":"PUT","body":{"mimeType":"multipart/form-data","params":[{"type":"text","name":"name","disabled":false,"value":"Rettet navn her","id":"pair_1ad757f58c684584a209a2d6c637e243"},{"type":"text","name":"email","disabled":false,"value":"xx@spaceventure.dk","id":"pair_a1869acc2635424894676f7e6eeeda2d"},{"type":"text","name":"password","disabled":false,"value":"xxxxxxxxxx","id":"pair_ca45bca3f93e4b6db048d3e644def977"},{"type":"text","name":"admin","disabled":false,"value":"true","id":"pair_10d3994e1b0b4fab9712018675ee9f68"}]},"parameters":[],"headers":[{"name":"Content-Type","value":"application/x-www-form-urlencoded"}],"authentication":{},"metaSortKey":-1692603228961,"isPrivate":false,"settingStoreCookies":true,"settingSendCookies":true,"settingDisableRenderRequestBody":false,"settingEncodeUrl":true,"settingRebuildPath":true,"settingFollowRedirects":"global","_type":"request"},{"_id":"req_9d29fafc118b4fd6bd6b2e7ad94e8d53","parentId":"fld_93077b5980024d3ca9145e76dc83912f","modified":1743859874180,"created":1723903347234,"url":"http://localhost:4444/user/admin","name":"Opret user (ADMIN)","description":"","method":"POST","body":{"mimeType":"multipart/form-data","params":[{"type":"text","name":"name","disabled":false,"value":"Fornavn Efternavn","id":"pair_9e79206d1d7e4175a6b1d4a1454410cc"},{"type":"text","name":"email","disabled":false,"value":"xx@spaceventure.dk","id":"pair_4ade2e431d794cf78bf7b2c55511b278"},{"type":"text","name":"password","disabled":false,"value":"xxxxxxxxxxx","id":"pair_4628f92c9c3b47f090fe5e7ca7f71f38"},{"type":"text","name":"admin","disabled":false,"value":"false","id":"pair_e60280c7bea4427c9d4f7b05719d6543"}]},"parameters":[],"headers":[{"name":"Content-Type","value":"application/x-www-form-urlencoded"}],"authentication":{},"metaSortKey":-1692603228960,"isPrivate":false,"settingStoreCookies":true,"settingSendCookies":true,"settingDisableRenderRequestBody":false,"settingEncodeUrl":true,"settingRebuildPath":true,"settingFollowRedirects":"global","_type":"request"},{"_id":"req_6069a2cd61dd41cfbd9ada027cb647ce","parentId":"fld_2ad737807cac48258624dab9e22d11fc","modified":1743859832673,"created":1723903347225,"url":"http://localhost:4444/login/loggedin","name":"Logged in ?","description":"","method":"GET","body":{},"parameters":[],"headers":[],"authentication":{},"metaSortKey":-1692603228965,"isPrivate":false,"settingStoreCookies":true,"settingSendCookies":true,"settingDisableRenderRequestBody":false,"settingEncodeUrl":true,"settingRebuildPath":true,"settingFollowRedirects":"global","_type":"request"},{"_id":"fld_2ad737807cac48258624dab9e22d11fc","parentId":"fld_7e71cfd13ee44168903e261f9af2dc43","modified":1723903347219,"created":1723903347219,"name":"Login","description":"","environment":{},"environmentPropertyOrder":null,"metaSortKey":-1694714578132,"_type":"request_group"},{"_id":"req_c64912d4a7e04498a93403d7b214859b","parentId":"fld_2ad737807cac48258624dab9e22d11fc","modified":1723903347223,"created":1723903347223,"url":"http://localhost:4444/login/logout","name":"Logout","description":"","method":"GET","body":{},"parameters":[],"headers":[],"authentication":{},"metaSortKey":-1692603228964,"isPrivate":false,"settingStoreCookies":true,"settingSendCookies":true,"settingDisableRenderRequestBody":false,"settingEncodeUrl":true,"settingRebuildPath":true,"settingFollowRedirects":"global","_type":"request"},{"_id":"req_b0c0941d46734872b2500364fd8cec7b","parentId":"fld_2ad737807cac48258624dab9e22d11fc","modified":1727427300291,"created":1723903347221,"url":"http://localhost:4444/login/login","name":"Login","description":"","method":"POST","body":{"mimeType":"multipart/form-data","params":[{"type":"text","name":"email","disabled":false,"value":"sp@spaceventure.dk","id":"pair_f457a78cfa584fcfb64495bfaa23e3dc"},{"type":"text","name":"password","disabled":false,"value":"admin123","id":"pair_bc9cbe5f16084811b56f5667e7555b09"}]},"parameters":[],"headers":[{"name":"Content-Type","value":"application/x-www-form-urlencoded"}],"authentication":{},"metaSortKey":-1692603228963,"isPrivate":false,"settingStoreCookies":true,"settingSendCookies":true,"settingDisableRenderRequestBody":false,"settingEncodeUrl":true,"settingRebuildPath":true,"settingFollowRedirects":"global","_type":"request"},{"_id":"req_51419170fe464908b907b27382d35937","parentId":"fld_4e71c419f131487593721030c39a64cc","modified":1723903347203,"created":1723903347203,"url":"http://localhost:4444/tours","name":"Hent alle tours","description":"","method":"GET","body":{},"parameters":[],"headers":[],"authentication":{},"metaSortKey":-1694714578232,"isPrivate":false,"settingStoreCookies":true,"settingSendCookies":true,"settingDisableRenderRequestBody":false,"settingEncodeUrl":true,"settingRebuildPath":true,"settingFollowRedirects":"global","_type":"request"},{"_id":"fld_4e71c419f131487593721030c39a64cc","parentId":"fld_7e71cfd13ee44168903e261f9af2dc43","modified":1723903347201,"created":1723903347201,"name":"Tours","description":"","environment":{},"environmentPropertyOrder":null,"metaSortKey":-1694714578029,"_type":"request_group"},{"_id":"req_10fb309761e14830ac8776a261a03c30","parentId":"fld_4e71c419f131487593721030c39a64cc","modified":1743859936386,"created":1723903347208,"url":"http://localhost:4444/tours/617f80a6066b123e4c7c941a","name":"Hent udvalgt tours","description":"","method":"GET","body":{},"parameters":[],"headers":[],"authentication":{},"metaSortKey":-1694714578182,"isPrivate":false,"settingStoreCookies":true,"settingSendCookies":true,"settingDisableRenderRequestBody":false,"settingEncodeUrl":true,"settingRebuildPath":true,"settingFollowRedirects":"global","_type":"request"},{"_id":"req_9dc6e0b3e4eb4ee2b43df62ea5f74202","parentId":"fld_4e71c419f131487593721030c39a64cc","modified":1727780904161,"created":1723903347205,"url":"http://localhost:4444/tours/soeg/mars","name":"Søg tours - søger i content og title","description":"","method":"GET","body":{},"parameters":[],"headers":[],"authentication":{},"metaSortKey":-1694714578132,"isPrivate":false,"settingStoreCookies":true,"settingSendCookies":true,"settingDisableRenderRequestBody":false,"settingEncodeUrl":true,"settingRebuildPath":true,"settingFollowRedirects":"global","_type":"request"},{"_id":"req_e178baf99eea45a4bedfbad50950c228","parentId":"fld_4e71c419f131487593721030c39a64cc","modified":1723903347216,"created":1723903347216,"url":"http://localhost:4444/tours/rating/650356777edbb38d3c42df12/1","name":"Opret tours rating","description":"","method":"POST","body":{},"parameters":[],"headers":[],"authentication":{},"metaSortKey":-1694714578082,"isPrivate":false,"settingStoreCookies":true,"settingSendCookies":true,"settingDisableRenderRequestBody":false,"settingEncodeUrl":true,"settingRebuildPath":true,"settingFollowRedirects":"global","_type":"request"},{"_id":"req_2dfcef24e4194460a9637d59d9ce402d","parentId":"fld_4e71c419f131487593721030c39a64cc","modified":1743859983559,"created":1723903347212,"url":"http://localhost:4444/tours/admin","name":"Opret tours (ADMIN)","description":"","method":"POST","body":{"mimeType":"multipart/form-data","params":[{"type":"text","name":"title","disabled":false,"value":"Tur lorem ipsum","id":"pair_5b48189b636c4b968316f6eceec9e6ac"},{"type":"text","name":"content","disabled":false,"value":"Lorem ipsum dolor sit amet, consectetur adipiscing elit. Fusce quis lectus quis sem lacinia nonummy. ","id":"pair_b585804133564067b55673e61c4a8dd8"},{"type":"text","name":"traveltime","disabled":false,"value":"0 timer","id":"pair_2eddf3fe0e2e4d8ca5c0d676286fb7bd"},{"type":"text","name":"destination","disabled":false,"value":"Lorem","id":"pair_32303dcc2e854e34a677ff2517b1b83b"},{"type":"text","name":"distance","disabled":false,"value":"0 km","id":"pair_8dcf4e330c8a4584bb183b49be3cbeb1"},{"type":"text","name":"price","disabled":false,"value":"0 kr.","id":"pair_9c6e13d16c924f669080d56392b5efd1"},{"type":"text","name":"spacelaunch","disabled":false,"fileName":"C:\\Marianne\\Grafik\\chocolatecheese.jpg","id":"pair_9ba2097a44694b3aa9bed33b5938d3dc","multiline":false,"value":"2024-10-10"},{"id":"pair_16000eecbf8b46209106c9bdbaff3254","name":"image1","value":"01-01-2023","description":"","type":"file","fileName":"C:\\Marianne\\Grafik\\Kaffe\\pexels-chevanon-photography-302896.jpg"},{"id":"pair_a3a82059c6b34fa2b3a1b90df13a5fc8","name":"image2","value":"5","description":"","type":"file","fileName":"C:\\Marianne\\Grafik\\Kaffe\\pexels-chevanon-photography-302896.jpg"}]},"parameters":[],"headers":[{"name":"Content-Type","value":"multipart/form-data"}],"authentication":{},"metaSortKey":-1694714578069.5,"isPrivate":false,"settingStoreCookies":true,"settingSendCookies":true,"settingDisableRenderRequestBody":false,"settingEncodeUrl":true,"settingRebuildPath":true,"settingFollowRedirects":"global","_type":"request"},{"_id":"req_762ab0643c23479b889cc27e71f8786a","parentId":"fld_4e71c419f131487593721030c39a64cc","modified":1743860005336,"created":1723903347210,"url":"http://localhost:4444/tours/admin/67f13111ee8c9d1d031d8fdf","name":"Ret tours (ADMIN)","description":"","method":"PUT","body":{"mimeType":"multipart/form-data","params":[{"type":"text","name":"title","disabled":false,"value":"Tur lorem ipsum rettet","id":"pair_da61a3e5626f49e8bb66ea20089628a3"},{"type":"text","name":"content","disabled":false,"value":"Lorem ipsum dolor sit amet, consectetur adipiscing elit. Fusce quis lectus quis sem lacinia nonummy. Rettet.","id":"pair_3d421b0461fa4fa9aae41422062565d3"},{"type":"text","name":"traveltime","disabled":false,"value":"0 timer","id":"pair_f5bf8f7cd8b545d9ad42fa48e730b143"},{"type":"text","name":"destination","disabled":false,"value":"Lorem","id":"pair_79ba47db1f3b43c4994f01fb941736ac"},{"type":"text","name":"distance","disabled":false,"value":"0 km","id":"pair_c59877b8218d4b90b3f1ff588a220052"},{"type":"text","name":"price","disabled":false,"value":"0 kr.","id":"pair_36b2e4f76aeb4abe9d541896d1388b44"},{"type":"text","name":"spacelaunch","disabled":false,"fileName":"/C:/Marianne/Grafik/computerting/dummy.jpg","id":"pair_549401e790854f21b2af51e14b2b5dd8","multiline":false,"value":"2024-12-12"},{"id":"pair_c9bdfebb9e9b4c82a206a6698bf169c4","name":"image1","value":"","description":"","type":"file","fileName":"C:\\Marianne\\Grafik\\Kaffe\\pexels-chevanon-photography-333523.jpg"},{"id":"pair_8b300bbddbc24eccad2f08adcf4d690d","name":"image2","value":"","description":"","type":"file","fileName":"C:\\Marianne\\Grafik\\Kaffe\\pexels-igor-haritanovich-1695052.jpg"}]},"parameters":[],"headers":[{"name":"Content-Type","value":"multipart/form-data"}],"authentication":{},"metaSortKey":-1694714578057,"isPrivate":false,"settingStoreCookies":true,"settingSendCookies":true,"settingDisableRenderRequestBody":false,"settingEncodeUrl":true,"settingRebuildPath":true,"settingFollowRedirects":"global","_type":"request"},{"_id":"req_5b3fd52ba65944949cc851f3d37f7d39","parentId":"fld_4e71c419f131487593721030c39a64cc","modified":1743860012401,"created":1723903347214,"url":"http://localhost:4444/tours/admin/67f13111ee8c9d1d031d8fdf","name":"Slet tours (ADMIN)","description":"","method":"DELETE","body":{},"parameters":[],"headers":[],"authentication":{},"metaSortKey":-1694714578032,"isPrivate":false,"settingStoreCookies":true,"settingSendCookies":true,"settingDisableRenderRequestBody":false,"settingEncodeUrl":true,"settingRebuildPath":true,"settingFollowRedirects":"global","_type":"request"},{"_id":"req_93db095460e440ea946783c574095319","parentId":"fld_3e0f1d1830ac49f1add265e8b079c073","modified":1723903347189,"created":1723903347189,"url":"http://localhost:4444/team","name":"Hent alle team","description":"","method":"GET","body":{},"parameters":[],"headers":[],"authentication":{},"metaSortKey":-1694714578129,"isPrivate":false,"settingStoreCookies":true,"settingSendCookies":true,"settingDisableRenderRequestBody":false,"settingEncodeUrl":true,"settingRebuildPath":true,"settingFollowRedirects":"global","_type":"request"},{"_id":"fld_3e0f1d1830ac49f1add265e8b079c073","parentId":"fld_7e71cfd13ee44168903e261f9af2dc43","modified":1723903347187,"created":1723903347187,"name":"Team","description":"","environment":{},"environmentPropertyOrder":null,"metaSortKey":-1694714578026,"_type":"request_group"},{"_id":"req_5d9f9fb9519e4c94a9bd89e665aa69c8","parentId":"fld_3e0f1d1830ac49f1add265e8b079c073","modified":1723903347192,"created":1723903347192,"url":"http://localhost:4444/team/617f7f19066b123e4c7c9415","name":"Hent udvalgt team","description":"","method":"GET","body":{},"parameters":[],"headers":[],"authentication":{},"metaSortKey":-1694714578079,"isPrivate":false,"settingStoreCookies":true,"settingSendCookies":true,"settingDisableRenderRequestBody":false,"settingEncodeUrl":true,"settingRebuildPath":true,"settingFollowRedirects":"global","_type":"request"},{"_id":"req_fbe8b025917e4e34b7d13ecc40f3b21e","parentId":"fld_3e0f1d1830ac49f1add265e8b079c073","modified":1723903347194,"created":1723903347194,"url":"http://localhost:4444/team/admin","name":"Opret team (ADMIN)","description":"","method":"POST","body":{"params":[{"type":"text","name":"name","disabled":false,"value":"Lorem Ipsum"},{"type":"text","name":"role","disabled":false,"value":"CEO"},{"type":"text","name":"email","disabled":false,"value":"xx@xxx.dk"},{"type":"text","name":"phone","disabled":false,"value":"78787878"},{"type":"file","name":"image","disabled":false,"fileName":"/C:/Marianne/Grafik/computerting/dummy.jpg"}],"mimeType":"multipart/form-data"},"parameters":[],"headers":[{"name":"Content-Type","value":"multipart/form-data"}],"authentication":{},"metaSortKey":-1694714578054,"isPrivate":false,"settingStoreCookies":true,"settingSendCookies":true,"settingDisableRenderRequestBody":false,"settingEncodeUrl":true,"settingRebuildPath":true,"settingFollowRedirects":"global","_type":"request"},{"_id":"req_9d9cc2016a7b42a49a1cfca9c2af4dc2","parentId":"fld_3e0f1d1830ac49f1add265e8b079c073","modified":1723903347196,"created":1723903347196,"url":"http://localhost:4444/team/admin/617af9a11eed823f30d8a32c","name":"Ret team (ADMIN)","description":"","method":"PUT","body":{"params":[{"type":"text","name":"name","disabled":false,"value":"Lorem Ipsum Rettet"},{"type":"text","name":"role","disabled":false,"value":"CEO"},{"type":"text","name":"email","disabled":false,"value":"yyy@yyy.dk"},{"type":"text","name":"phone","disabled":false,"value":"78787878"},{"type":"file","name":"image","disabled":false,"fileName":"/C:/Marianne/Grafik/computerting/dummy.jpg"}],"mimeType":"multipart/form-data"},"parameters":[],"headers":[{"name":"Content-Type","value":"multipart/form-data"}],"authentication":{},"metaSortKey":-1694714578041.5,"isPrivate":false,"settingStoreCookies":true,"settingSendCookies":true,"settingDisableRenderRequestBody":false,"settingEncodeUrl":true,"settingRebuildPath":true,"settingFollowRedirects":"global","_type":"request"},{"_id":"req_e25ef731ae4142498b14fb0b23745047","parentId":"fld_3e0f1d1830ac49f1add265e8b079c073","modified":1723903347198,"created":1723903347198,"url":"http://localhost:4444/team/admin/617af9a11eed823f30d8a32c","name":"Slet team (ADMIN)","description":"","method":"DELETE","body":{},"parameters":[],"headers":[],"authentication":{},"metaSortKey":-1694714578029,"isPrivate":false,"settingStoreCookies":true,"settingSendCookies":true,"settingDisableRenderRequestBody":false,"settingEncodeUrl":true,"settingRebuildPath":true,"settingFollowRedirects":"global","_type":"request"},{"_id":"req_1773338b09bb43e6ba3f4c23d7e6c4e8","parentId":"fld_b9690a4b124e491c90c158d6ff172d3a","modified":1723903347185,"created":1723903347185,"url":"http://localhost:4444/spacecraft","name":"Hent spacecraft","description":"Henter about - der er kun 1 document","method":"GET","body":{},"parameters":[],"headers":[],"authentication":{},"metaSortKey":-1694714578125,"isPrivate":false,"settingStoreCookies":true,"settingSendCookies":true,"settingDisableRenderRequestBody":false,"settingEncodeUrl":true,"settingRebuildPath":true,"settingFollowRedirects":"global","_type":"request"},{"_id":"fld_b9690a4b124e491c90c158d6ff172d3a","parentId":"fld_7e71cfd13ee44168903e261f9af2dc43","modified":1723903347181,"created":1723903347181,"name":"Spacecraft","description":"","environment":{},"environmentPropertyOrder":null,"metaSortKey":-1694714578024,"_type":"request_group"},{"_id":"req_90b19f31ef81471794fbcbf80fabb4d2","parentId":"fld_b9690a4b124e491c90c158d6ff172d3a","modified":1723903347182,"created":1723903347182,"url":"http://localhost:4444/spacecraft/admin","name":"Ret spacecraft (ADMIN)","description":"Retter i data i about","method":"PUT","body":{"params":[{"type":"text","name":"title","disabled":false,"value":"Lorem ipsum"},{"type":"text","name":"content","disabled":false,"value":"Lorem ipsum dolor sit amet, consectetur adipiscing elit. Fusce quis lectus quis sem lacinia nonummy. "},{"type":"file","name":"image","disabled":false,"fileName":"/C:/Marianne/Grafik/computerting/dummy.jpg"}],"mimeType":"multipart/form-data"},"parameters":[],"headers":[{"name":"Content-Type","value":"application/x-www-form-urlencoded"}],"authentication":{},"metaSortKey":-1694714578025,"isPrivate":false,"settingStoreCookies":true,"settingSendCookies":true,"settingDisableRenderRequestBody":false,"settingEncodeUrl":true,"settingRebuildPath":true,"settingFollowRedirects":"global","_type":"request"},{"_id":"req_98e0ed631d38449483e79cc777f60fc2","parentId":"fld_97e59a4cad964f2c962f71702392aa5d","modified":1723903347176,"created":1723903347176,"url":"http://localhost:4444/safety","name":"Hent safety","description":"Henter about - der er kun 1 document","method":"GET","body":{},"parameters":[],"headers":[],"authentication":{},"metaSortKey":-1694714578124,"isPrivate":false,"settingStoreCookies":true,"settingSendCookies":true,"settingDisableRenderRequestBody":false,"settingEncodeUrl":true,"settingRebuildPath":true,"settingFollowRedirects":"global","_type":"request"},{"_id":"fld_97e59a4cad964f2c962f71702392aa5d","parentId":"fld_7e71cfd13ee44168903e261f9af2dc43","modified":1723903347174,"created":1723903347174,"name":"Safety","description":"","environment":{},"environmentPropertyOrder":null,"metaSortKey":-1694714578023,"_type":"request_group"},{"_id":"req_5719bdbad5a74aa7a22239c8803836ae","parentId":"fld_97e59a4cad964f2c962f71702392aa5d","modified":1723903347178,"created":1723903347178,"url":"http://localhost:4444/safety/admin","name":"Ret safety (ADMIN)","description":"Retter i data i about","method":"PUT","body":{"params":[{"type":"text","name":"title","disabled":false,"value":"Safety lorem ipsum"},{"type":"text","name":"content","disabled":false,"value":"Lorem ipsum dolor sit amet, consectetur adipiscing elit. Fusce quis lectus quis sem lacinia nonummy. "}],"mimeType":"multipart/form-data"},"parameters":[],"headers":[{"name":"Content-Type","value":"application/x-www-form-urlencoded"}],"authentication":{},"metaSortKey":-1694714578024,"isPrivate":false,"settingStoreCookies":true,"settingSendCookies":true,"settingDisableRenderRequestBody":false,"settingEncodeUrl":true,"settingRebuildPath":true,"settingFollowRedirects":"global","_type":"request"},{"_id":"req_e32354cb4d67480bb5b05b3264484467","parentId":"fld_00179c5d816847f0846eebb35a42c651","modified":1723903347165,"created":1723903347165,"url":"http://localhost:4444/gallery","name":"Hent alle gallery","description":"","method":"GET","body":{},"parameters":[],"headers":[],"authentication":{},"metaSortKey":-1694714578122,"isPrivate":false,"settingStoreCookies":true,"settingSendCookies":true,"settingDisableRenderRequestBody":false,"settingEncodeUrl":true,"settingRebuildPath":true,"settingFollowRedirects":"global","_type":"request"},{"_id":"fld_00179c5d816847f0846eebb35a42c651","parentId":"fld_7e71cfd13ee44168903e261f9af2dc43","modified":1723903347160,"created":1723903347160,"name":"Gallery","description":"","environment":{},"environmentPropertyOrder":null,"metaSortKey":-1694714578018,"_type":"request_group"},{"_id":"req_86bb95ef0a0c4aecb6317a0d24b6afde","parentId":"fld_00179c5d816847f0846eebb35a42c651","modified":1723903347162,"created":1723903347162,"url":"http://localhost:4444/gallery/617f7d2d066b123e4c7c9402","name":"Hent udvalgt gallery","description":"","method":"GET","body":{},"parameters":[],"headers":[],"authentication":{},"metaSortKey":-1694714578072,"isPrivate":false,"settingStoreCookies":true,"settingSendCookies":true,"settingDisableRenderRequestBody":false,"settingEncodeUrl":true,"settingRebuildPath":true,"settingFollowRedirects":"global","_type":"request"},{"_id":"req_28d562e298824333aff8b116f66f3f3a","parentId":"fld_00179c5d816847f0846eebb35a42c651","modified":1723903347167,"created":1723903347167,"url":"http://localhost:4444/gallery/admin","name":"Opret gallery (ADMIN)","description":"","method":"POST","body":{"params":[{"type":"text","name":"imagetext","disabled":false,"value":"Gallery img beskrivelse"},{"type":"file","name":"image","disabled":false,"fileName":"/C:/Marianne/Grafik/computerting/dummy.jpg"}],"mimeType":"multipart/form-data"},"parameters":[],"headers":[{"name":"Content-Type","value":"multipart/form-data"}],"authentication":{},"metaSortKey":-1694714578047,"isPrivate":false,"settingStoreCookies":true,"settingSendCookies":true,"settingDisableRenderRequestBody":false,"settingEncodeUrl":true,"settingRebuildPath":true,"settingFollowRedirects":"global","_type":"request"},{"_id":"req_48d4b1dfb2554edf92fe8caa9a0ead9e","parentId":"fld_00179c5d816847f0846eebb35a42c651","modified":1723903347169,"created":1723903347169,"url":"http://localhost:4444/gallery/admin/6179aad9016d9c6bb0cafefd","name":"Ret gallery (ADMIN)","description":"","method":"PUT","body":{"params":[{"type":"text","name":"imagetext","disabled":false,"value":"Gallery img beskrivelse rettet"},{"type":"file","name":"image","disabled":false,"fileName":"/C:/Marianne/Grafik/ChokoLakrids/2018-04-25_123147.jpg"}],"mimeType":"multipart/form-data"},"parameters":[],"headers":[{"name":"Content-Type","value":"multipart/form-data"}],"authentication":{},"metaSortKey":-1694714578034.5,"isPrivate":false,"settingStoreCookies":true,"settingSendCookies":true,"settingDisableRenderRequestBody":false,"settingEncodeUrl":true,"settingRebuildPath":true,"settingFollowRedirects":"global","_type":"request"},{"_id":"req_f2b73de7e41f4765bbeb04307fd84450","parentId":"fld_00179c5d816847f0846eebb35a42c651","modified":1723903347171,"created":1723903347171,"url":"http://localhost:4444/gallery/admin/6179aad9016d9c6bb0cafefd","name":"Slet gallery (ADMIN)","description":"","method":"DELETE","body":{},"parameters":[],"headers":[],"authentication":{},"metaSortKey":-1694714578022,"isPrivate":false,"settingStoreCookies":true,"settingSendCookies":true,"settingDisableRenderRequestBody":false,"settingEncodeUrl":true,"settingRebuildPath":true,"settingFollowRedirects":"global","_type":"request"},{"_id":"req_5b0dd65a88dc4e89868c9a3f8adc2d3f","parentId":"fld_9a8dcab527654fd4a21fedfd912efcd4","modified":1723903347154,"created":1723903347154,"url":"http://localhost:4444/footer","name":"Hent footer","description":"Henter about - der er kun 1 document","method":"GET","body":{},"parameters":[],"headers":[],"authentication":{},"metaSortKey":-1694714578118,"isPrivate":false,"settingStoreCookies":true,"settingSendCookies":true,"settingDisableRenderRequestBody":false,"settingEncodeUrl":true,"settingRebuildPath":true,"settingFollowRedirects":"global","_type":"request"},{"_id":"fld_9a8dcab527654fd4a21fedfd912efcd4","parentId":"fld_7e71cfd13ee44168903e261f9af2dc43","modified":1723903347152,"created":1723903347152,"name":"Footer","description":"","environment":{},"environmentPropertyOrder":null,"metaSortKey":-1694714578017,"_type":"request_group"},{"_id":"req_3a5b9a3d801c4f378d828bbcb21194c3","parentId":"fld_9a8dcab527654fd4a21fedfd912efcd4","modified":1723903347157,"created":1723903347157,"url":"http://localhost:4444/footer/admin","name":"Ret footer (ADMIN)","description":"Retter i data i about","method":"PUT","body":{"mimeType":"multipart/form-data","params":[{"type":"text","name":"name","disabled":false,"value":"Spaceventure","id":"pair_c56fe47fc6a64a3096068ed0accc2518"},{"type":"text","name":"cvr","disabled":false,"value":"123456789","id":"pair_9e3a3ba735f845d88c6fb3c0c9c1f0b2"},{"type":"text","name":"address","disabled":false,"value":"Mælkevejen 123, 8000 Aarhus C","id":"pair_7e0a28c9f6a942f0aad9ad8c0d3bcaf7"},{"type":"text","name":"phone","disabled":false,"value":"+45 12 34 56 78","id":"pair_ef07c0f6d254403bbc5ff12a5ecc3359"},{"type":"text","name":"email","disabled":false,"value":"info@spaceventure.dk","id":"pair_6f5989cd41794c458df13272f021c69a"},{"type":"text","name":"openinghours","disabled":false,"value":"Alle hverdage kl. 8 til 16","id":"pair_25d8b6d1f4ca43b69da3b7e1095097aa"},{"id":"pair_086c14a04a0c4acaacf801e5eb6b4109","name":"coordinates","value":"56.162937,10.203921","description":""}]},"parameters":[],"headers":[{"name":"Content-Type","value":"application/x-www-form-urlencoded"}],"authentication":{},"metaSortKey":-1694714578018,"isPrivate":false,"settingStoreCookies":true,"settingSendCookies":true,"settingDisableRenderRequestBody":false,"settingEncodeUrl":true,"settingRebuildPath":true,"settingFollowRedirects":"global","_type":"request"},{"_id":"req_7abc1eef876e481688a182dcc8fca022","parentId":"fld_74d72567601f452694a364bb30406eee","modified":1723903347139,"created":1723903347139,"url":"http://localhost:4444/newssubscription/admin","name":"Hent alle newssubscription (ADMIN)","description":"","method":"GET","body":{},"parameters":[],"headers":[],"authentication":{},"metaSortKey":-1694714578117,"isPrivate":false,"settingStoreCookies":true,"settingSendCookies":true,"settingDisableRenderRequestBody":false,"settingEncodeUrl":true,"settingRebuildPath":true,"settingFollowRedirects":"global","_type":"request"},{"_id":"fld_74d72567601f452694a364bb30406eee","parentId":"fld_7e71cfd13ee44168903e261f9af2dc43","modified":1723903347138,"created":1723903347138,"name":"Newssubscription","description":"","environment":{},"environmentPropertyOrder":null,"metaSortKey":-1694714578014,"_type":"request_group"},{"_id":"req_66e22e61f2a044f1a78c2a6f3480a407","parentId":"fld_74d72567601f452694a364bb30406eee","modified":1743860152901,"created":1723903347142,"url":"http://localhost:4444/newssubscription/admin/633a97ac80aeac4e145106d9","name":"Hent udvalgt newssubscription (ADMIN)","description":"","method":"GET","body":{},"parameters":[],"headers":[],"authentication":{},"metaSortKey":-1694714578067,"isPrivate":false,"settingStoreCookies":true,"settingSendCookies":true,"settingDisableRenderRequestBody":false,"settingEncodeUrl":true,"settingRebuildPath":true,"settingFollowRedirects":"global","_type":"request"},{"_id":"req_cda054f394b242a5b4599c47f4e99282","parentId":"fld_74d72567601f452694a364bb30406eee","modified":1723903347147,"created":1723903347147,"url":"http://localhost:4444/newssubscription","name":"Opret newssubscription (bruger - ud fra email)","description":"","method":"POST","body":{"mimeType":"multipart/form-data","params":[{"type":"text","name":"email","disabled":false,"value":"Lars@testmail.dk","id":"pair_70b9793f39764b77bdf04aaa1a9e47bf"}]},"parameters":[],"headers":[{"name":"Content-Type","value":"multipart/form-data"}],"authentication":{},"metaSortKey":-1694714578060.75,"isPrivate":false,"settingStoreCookies":true,"settingSendCookies":true,"settingDisableRenderRequestBody":false,"settingEncodeUrl":true,"settingRebuildPath":true,"settingFollowRedirects":"global","_type":"request"},{"_id":"req_eeea356dcbdd4ab29faa2a900b8f878b","parentId":"fld_74d72567601f452694a364bb30406eee","modified":1743860178543,"created":1723903347145,"url":"http://localhost:4444/newssubscription/afmeld/Lars@testmail.dk","name":"Slet newssubscription (bruger - ud fra email)","description":"","method":"DELETE","body":{},"parameters":[],"headers":[],"authentication":{},"metaSortKey":-1694714578054.5,"isPrivate":false,"settingStoreCookies":true,"settingSendCookies":true,"settingDisableRenderRequestBody":false,"settingEncodeUrl":true,"settingRebuildPath":true,"settingFollowRedirects":"global","_type":"request"},{"_id":"req_213d8edd2a9e4b048562cd4ab2210ee9","parentId":"fld_74d72567601f452694a364bb30406eee","modified":1743860200789,"created":1723903347150,"url":"http://localhost:4444/newssubscription/admin/67f131bfee8c9d1d031d8fee","name":"Slet newssubscription (ADMIN)","description":"","method":"DELETE","body":{},"parameters":[],"headers":[],"authentication":{},"metaSortKey":-1694714578017,"isPrivate":false,"settingStoreCookies":true,"settingSendCookies":true,"settingDisableRenderRequestBody":false,"settingEncodeUrl":true,"settingRebuildPath":true,"settingFollowRedirects":"global","_type":"request"},{"_id":"req_03bf15fe40e246cbb5945fd872659365","parentId":"fld_b078d46e65034562aa640298665a403c","modified":1723903347125,"created":1723903347125,"url":"http://localhost:4444/contact/admin","name":"Hent alle contact (ADMIN)","description":"","method":"GET","body":{},"parameters":[],"headers":[],"authentication":{},"metaSortKey":-1694714578114,"isPrivate":false,"settingStoreCookies":true,"settingSendCookies":true,"settingDisableRenderRequestBody":false,"settingEncodeUrl":true,"settingRebuildPath":true,"settingFollowRedirects":"global","_type":"request"},{"_id":"fld_b078d46e65034562aa640298665a403c","parentId":"fld_7e71cfd13ee44168903e261f9af2dc43","modified":1723903347123,"created":1723903347123,"name":"Contact","description":"","environment":{},"environmentPropertyOrder":null,"metaSortKey":-1694714578012,"_type":"request_group"},{"_id":"req_0a4d2a1cb8f54a06aebdec7603dacbea","parentId":"fld_b078d46e65034562aa640298665a403c","modified":1723903347130,"created":1723903347130,"url":"http://localhost:4444/contact/admin/617bcc47b029bb1a5c0aa1c9","name":"Hent udvalgt contact (ADMIN)","description":"","method":"GET","body":{},"parameters":[],"headers":[],"authentication":{},"metaSortKey":-1694714578064,"isPrivate":false,"settingStoreCookies":true,"settingSendCookies":true,"settingDisableRenderRequestBody":false,"settingEncodeUrl":true,"settingRebuildPath":true,"settingFollowRedirects":"global","_type":"request"},{"_id":"req_55b5b4d644474db5b8069b2e78be837b","parentId":"fld_b078d46e65034562aa640298665a403c","modified":1723903347128,"created":1723903347128,"url":"http://localhost:4444/contact","name":"Opret contact","description":"","method":"POST","body":{"params":[{"type":"text","name":"name","disabled":false,"value":"John Doe"},{"type":"text","name":"email","disabled":false,"value":"john@doe.dk"},{"type":"text","name":"phone","disabled":false,"value":"78787878"},{"type":"text","name":"message","disabled":false,"value":"Lorem ipsum dolor sit amet, consectetur adipiscing elit. Fusce quis lectus quis sem lacinia nonummy. "}],"mimeType":"multipart/form-data"},"parameters":[],"headers":[{"name":"Content-Type","value":"multipart/form-data"}],"authentication":{},"metaSortKey":-1694714578039,"isPrivate":false,"settingStoreCookies":true,"settingSendCookies":true,"settingDisableRenderRequestBody":false,"settingEncodeUrl":true,"settingRebuildPath":true,"settingFollowRedirects":"global","_type":"request"},{"_id":"req_a5a6b07112464e5aab6de3ef2e9c4260","parentId":"fld_b078d46e65034562aa640298665a403c","modified":1743860451803,"created":1723903347135,"url":"http://localhost:4444/contact/admin/67f132ce4a662bd4dc80de3d","name":"Ret contact (ADMIN)","description":"","method":"PATCH","body":{"mimeType":"multipart/form-data","params":[{"id":"pair_ee263a78384a44bf84ad32567bbc7a14","name":"read","value":"true","description":""}]},"parameters":[],"headers":[{"name":"Content-Type","value":"multipart/form-data"}],"authentication":{},"metaSortKey":-1694714578026.5,"isPrivate":false,"settingStoreCookies":true,"settingSendCookies":true,"settingDisableRenderRequestBody":false,"settingEncodeUrl":true,"settingRebuildPath":true,"settingFollowRedirects":"global","_type":"request"},{"_id":"req_82a924fdf99c4976ad48ba9096b580dd","parentId":"fld_b078d46e65034562aa640298665a403c","modified":1743860465609,"created":1723903347132,"url":"http://localhost:4444/contact/admin/67f132ce4a662bd4dc80de3d","name":"Slet contact (ADMIN)","description":"","method":"DELETE","body":{},"parameters":[],"headers":[],"authentication":{},"metaSortKey":-1694714578014,"isPrivate":false,"settingStoreCookies":true,"settingSendCookies":true,"settingDisableRenderRequestBody":false,"settingEncodeUrl":true,"settingRebuildPath":true,"settingFollowRedirects":"global","_type":"request"},{"_id":"req_f27080d2bd68480cae7034da76848646","parentId":"fld_7193a8461a0b4f5c802fe51639b08917","modified":1723903347114,"created":1723903347114,"url":"http://localhost:4444/banner","name":"Hent alle banner","description":"","method":"GET","body":{},"parameters":[],"headers":[],"authentication":{},"metaSortKey":-1694714578111,"isPrivate":false,"settingStoreCookies":true,"settingSendCookies":true,"settingDisableRenderRequestBody":false,"settingEncodeUrl":true,"settingRebuildPath":true,"settingFollowRedirects":"global","_type":"request"},{"_id":"fld_7193a8461a0b4f5c802fe51639b08917","parentId":"fld_7e71cfd13ee44168903e261f9af2dc43","modified":1723903347113,"created":1723903347113,"name":"Banner","description":"","environment":{},"environmentPropertyOrder":null,"metaSortKey":-1694714578010,"_type":"request_group"},{"_id":"req_d9204285cc8d46468eea0b31f5f5512c","parentId":"fld_7193a8461a0b4f5c802fe51639b08917","modified":1743860483519,"created":1723903347120,"url":"http://localhost:4444/banner/admin","name":"Opret banner (ADMIN)","description":"","method":"POST","body":{"mimeType":"multipart/form-data","params":[{"type":"text","name":"title","disabled":false,"value":"Banner","id":"pair_f467012bf8f94b87b3a1379003eda57e"},{"type":"text","name":"content","disabled":false,"value":"Lorem ipsum dolor sit amet, consectetur adipiscing elit. Fusce quis lectus quis sem lacinia nonummy. ","id":"pair_bffabf473a9b439c88dc0118b9adcd6b"},{"type":"file","name":"image","disabled":false,"fileName":"C:\\Marianne\\Grafik\\Kaffe\\pexels-aron-beijl-10319208.jpg","id":"pair_d09fd91f10f442659b4c4139837fe61b"}]},"parameters":[],"headers":[{"name":"Content-Type","value":"multipart/form-data"}],"authentication":{},"metaSortKey":-1694714578011,"isPrivate":false,"settingStoreCookies":true,"settingSendCookies":true,"settingDisableRenderRequestBody":false,"settingEncodeUrl":true,"settingRebuildPath":true,"settingFollowRedirects":"global","_type":"request"},{"_id":"req_2ba26fe7b32346bc9f8dd5df8335c4b6","parentId":"fld_7193a8461a0b4f5c802fe51639b08917","modified":1743860502016,"created":1723903347117,"url":"http://localhost:4444/banner/admin/67f133044a662bd4dc80de43","name":"Slet banner (ADMIN)","description":"","method":"DELETE","body":{},"parameters":[],"headers":[],"authentication":{},"metaSortKey":-1694714578011,"isPrivate":false,"settingStoreCookies":true,"settingSendCookies":true,"settingDisableRenderRequestBody":false,"settingEncodeUrl":true,"settingRebuildPath":true,"settingFollowRedirects":"global","_type":"request"},{"_id":"req_6a1a169b7b4c4c8ea9c6dcaab693ca24","parentId":"fld_77793840ec2548d4939d72d7faf27ea4","modified":1743860514347,"created":1723903347107,"url":"http://localhost:4444/about","name":"Hent about","description":"Henter about - der er kun 1 document","method":"GET","body":{},"parameters":[],"headers":[],"authentication":{},"metaSortKey":-1694714578109,"isPrivate":false,"settingStoreCookies":true,"settingSendCookies":true,"settingDisableRenderRequestBody":false,"settingEncodeUrl":true,"settingRebuildPath":true,"settingFollowRedirects":"global","_type":"request"},{"_id":"fld_77793840ec2548d4939d72d7faf27ea4","parentId":"fld_7e71cfd13ee44168903e261f9af2dc43","modified":1723903347105,"created":1723903347105,"name":"About","description":"","environment":{},"environmentPropertyOrder":null,"metaSortKey":-1694714578008,"_type":"request_group"},{"_id":"req_9135194b25ea4c2698ed099a0a3760cc","parentId":"fld_77793840ec2548d4939d72d7faf27ea4","modified":1743860604498,"created":1723903347109,"url":"http://localhost:4444/about/admin","name":"Ret about (ADMIN)","description":"Retter i data i about","method":"PUT","body":{"mimeType":"multipart/form-data","params":[{"type":"text","name":"title","disabled":false,"value":"Oplev nye horisonter","id":"pair_70454d036c92449faf8b05563fdf48a8"},{"type":"text","name":"content","disabled":false,"value":"<p>I foråret 2023 blev Space Venture lanceret som det første danske firma, der udbyder <strong>charterrejser til Mars og Månen</strong>. Det betyder, at også du nu får mulighed for at sætte dit fodaftryk på Månen eller Mars. Vi er stolte af at byde dig velkommen til vores nye hjemmeside, hvor vi håber, du finder lige netop de oplevelser og den information, du søger.</p>","id":"pair_75d20383e5b34a4290beefb32e4a3d91"}]},"parameters":[],"headers":[{"name":"Content-Type","value":"application/x-www-form-urlencoded"}],"authentication":{},"metaSortKey":-1694714578009,"isPrivate":false,"settingStoreCookies":true,"settingSendCookies":true,"settingDisableRenderRequestBody":false,"settingEncodeUrl":true,"settingRebuildPath":true,"settingFollowRedirects":"global","_type":"request"},{"_id":"env_62a481607d43464091419c0dd8fa5893","parentId":"wrk_8a7722e5c92b45ef88549e5035c7010a","modified":1723903347089,"created":1723903347089,"name":"Base Environment","data":{},"dataPropertyOrder":null,"color":null,"isPrivate":false,"metaSortKey":1695625257819,"_type":"environment"},{"_id":"jar_53a47cd689ac47dd9993c187ed73abd5","parentId":"wrk_8a7722e5c92b45ef88549e5035c7010a","modified":1727780975131,"created":1723903347096,"name":"Default Jar","cookies":[{"key":"si","value":"s%3An0Hf7k_p6gk3Je5p4oW5DIOPwCPpX4C5.P8HtKZha4rOMi6mEAOGq%2B352pM%2F5tU8%2BFiNPRTkUsj8","expires":"2024-10-06T11:09:35.000Z","domain":"localhost","path":"/","httpOnly":true,"hostOnly":true,"creation":"2024-09-27T08:55:02.291Z","lastAccessed":"2024-10-01T11:09:35.131Z","sameSite":"strict","id":"20702791550608501"}],"_type":"cookie_jar"},{"_id":"spc_e6e70ded24074d9ba1340387f00eb300","parentId":"wrk_8a7722e5c92b45ef88549e5035c7010a","modified":1723903347247,"created":1723903347101,"fileName":"SPACE VENTURE","contents":"","contentType":"yaml","_type":"api_spec"}]}